{
    "variants": {
        "type=bottom": 
            [
            { "model": "block/planks/darkoak/dark_oak_slab_bottom_0", "weight": 1 },
            { "model": "block/planks/darkoak/dark_oak_slab_bottom_1", "weight": 1 },
            { "model": "block/planks/darkoak/dark_oak_slab_bottom_2", "weight": 1 },
            { "model": "block/planks/darkoak/dark_oak_slab_bottom_3", "weight": 1 }
            ],

        "type=top": 
            [
            { "model": "block/planks/darkoak/dark_oak_slab_top_0", "weight": 1 },
            { "model": "block/planks/darkoak/dark_oak_slab_top_1", "weight": 1 },
            { "model": "block/planks/darkoak/dark_oak_slab_top_2", "weight": 1 },
            { "model": "block/planks/darkoak/dark_oak_slab_top_3", "weight": 1 }
            ],

        "type=double": 
            [
			{ "model": "block/planks/darkoak/dark_oak_slab_double"}
		    ]
    }
}
