{
	"credit": "Made with Blockbench",
	"ambientocclusion": false,
	"textures": {
		"0": "block/copper_torch_base",
		"2": "block/copper_torch",
		"3": "block/copper_torch_flame",
		"particle": "block/copper_torch"
	},
	"elements": [
		{
			"name": "Torch",
			"from": [4, 2, 7],
			"to": [6, 12, 9],
			"shade": false,
			"rotation": {"angle": -22.5, "axis": "z", "origin": [4, 11.25, 8]},
			"faces": {
				"north": {"uv": [7, 6, 9, 16], "texture": "#2"},
				"east": {"uv": [7, 6, 9, 16], "texture": "#2"},
				"south": {"uv": [7, 6, 9, 16], "texture": "#2"},
				"west": {"uv": [7, 6, 9, 16], "texture": "#2"},
				"up": {"uv": [7, 14, 9, 16], "texture": "#3"},
				"down": {"uv": [7, 14, 9, 16], "texture": "#2"}
			}
		},
		{
			"name": "Flame",
			"from": [2.5, 11, 8],
			"to": [7.5, 18, 8],
			"shade": false,
			"rotation": {"angle": 0, "axis": "y", "origin": [4, 11.25, 8]},
			"faces": {
				"north": {"uv": [5, 8, 11, 15], "texture": "#3"},
				"south": {"uv": [5, 8, 11, 15], "texture": "#3"}
			}
		},
		{
			"name": "Flame",
			"from": [5, 11, 5.5],
			"to": [5, 18, 10.5],
			"shade": false,
			"rotation": {"angle": 0, "axis": "y", "origin": [4, 11.25, 8]},
			"faces": {
				"east": {"uv": [5, 8, 11, 15], "texture": "#3"},
				"west": {"uv": [5, 8, 11, 15], "texture": "#3"}
			}
		},
		{
			"name": "Grip",
			"from": [3.5, 7, 6.5],
			"to": [6.5, 8, 9.5],
			"shade": false,
			"rotation": {"angle": -22.5, "axis": "z", "origin": [4, 11.25, 8]},
			"faces": {
				"north": {"uv": [7, 10, 10, 11], "texture": "#0"},
				"east": {"uv": [7, 10, 10, 11], "texture": "#0"},
				"south": {"uv": [7, 10, 10, 11], "texture": "#0"},
				"west": {"uv": [7, 10, 10, 11], "texture": "#0"},
				"up": {"uv": [7, 10, 8, 11], "texture": "#0"},
				"down": {"uv": [7, 10, 10, 11], "texture": "#0"}
			}
		},
		{
			"name": "Tray",
			"from": [3, 9, 6],
			"to": [7, 10, 10],
			"shade": false,
			"rotation": {"angle": -22.5, "axis": "z", "origin": [4, 11.25, 8]},
			"faces": {
				"north": {"uv": [6, 8, 10, 9], "texture": "#0"},
				"east": {"uv": [6, 8, 10, 9], "texture": "#0"},
				"south": {"uv": [6, 8, 10, 9], "texture": "#0"},
				"west": {"uv": [6, 8, 10, 9], "texture": "#0"},
				"up": {"uv": [12, 12, 16, 16], "texture": "#0"},
				"down": {"uv": [12, 12, 16, 16], "texture": "#0"}
			}
		},
		{
			"name": "Bar",
			"from": [3, 10, 6],
			"to": [7, 13, 6],
			"shade": false,
			"rotation": {"angle": -22.5, "axis": "z", "origin": [4, 11.25, 8]},
			"faces": {
				"north": {"uv": [6, 5, 10, 8], "texture": "#0"},
				"south": {"uv": [6, 5, 10, 8], "texture": "#0"}
			}
		},
		{
			"name": "Bar",
			"from": [3, 10, 10],
			"to": [7, 13, 10],
			"shade": false,
			"rotation": {"angle": -22.5, "axis": "z", "origin": [4, 11.25, 8]},
			"faces": {
				"north": {"uv": [6, 5, 10, 8], "texture": "#0"},
				"south": {"uv": [6, 5, 10, 8], "texture": "#0"}
			}
		},
		{
			"name": "Bar",
			"from": [3, 10, 6],
			"to": [3, 13, 10],
			"shade": false,
			"rotation": {"angle": -22.5, "axis": "z", "origin": [4, 11.25, 8]},
			"faces": {
				"east": {"uv": [6, 5, 10, 8], "texture": "#0"},
				"west": {"uv": [6, 5, 10, 8], "texture": "#0"}
			}
		},
		{
			"name": "Bar",
			"from": [7, 10, 6],
			"to": [7, 13, 10],
			"shade": false,
			"rotation": {"angle": -22.5, "axis": "z", "origin": [4, 11.25, 8]},
			"faces": {
				"east": {"uv": [6, 5, 10, 8], "texture": "#0"},
				"west": {"uv": [6, 5, 10, 8], "texture": "#0"}
			}
		},
		{
			"name": "WallGrip",
			"from": [1, 6, 6.9],
			"to": [4.2, 7, 9.1],
			"shade": false,
			"rotation": {"angle": 0, "axis": "y", "origin": [3.25, 6.5, 7.65]},
			"faces": {
				"north": {"uv": [1, 12, 4.1, 13], "texture": "#0"},
				"east": {"uv": [0, 12, 2, 13], "texture": "#0"},
				"south": {"uv": [1, 12, 4.1, 13], "texture": "#0"},
				"up": {"uv": [1, 11, 4, 13], "texture": "#0"},
				"down": {"uv": [1, 11, 4, 13], "texture": "#0"}
			}
		},
		{
			"name": "Wall",
			"from": [0, 5, 6],
			"to": [1, 11, 10],
			"shade": false,
			"rotation": {"angle": 0, "axis": "y", "origin": [4, 12, 8]},
			"faces": {
				"north": {"uv": [0, 3, 1, 9], "texture": "#0"},
				"east": {"uv": [0, 5, 4, 11], "texture": "#0"},
				"south": {"uv": [3, 3, 4, 9], "texture": "#0"},
				"west": {"uv": [0, 5, 4, 11], "texture": "#0", "cullface": "west"},
				"up": {"uv": [0, 9, 1, 13], "texture": "#0"},
				"down": {"uv": [3, 9, 4, 13], "texture": "#0"}
			}
		}
	]
}