{
	"credit": "Made with Blockbench",
	"ambientocclusion": false,
	"textures": {
		"0": "block/copper_torch_base",
		"2": "block/copper_torch",
		"3": "block/copper_torch_flame",
		"particle": "block/copper_torch"
	},
	"elements": [
		{
			"name": "Torch",
			"from": [7, 0, 7],
			"to": [9, 10, 9],
			"shade": false,
			"faces": {
				"north": {"uv": [7, 6, 9, 16], "texture": "#2"},
				"east": {"uv": [7, 6, 9, 16], "texture": "#2"},
				"south": {"uv": [7, 6, 9, 16], "texture": "#2"},
				"west": {"uv": [7, 6, 9, 16], "texture": "#2"},
				"up": {"uv": [7, 14, 9, 16], "texture": "#3"},
				"down": {"uv": [7, 14, 9, 16], "texture": "#2", "cullface": "down"}
			}
		},
		{
			"name": "Flame",
			"from": [5.5, 10, 8],
			"to": [10.5, 17, 8],
			"shade": false,
			"rotation": {"angle": 0, "axis": "y", "origin": [8, 13, 8]},
			"faces": {
				"north": {"uv": [5, 8, 11, 15], "texture": "#3"},
				"south": {"uv": [5, 8, 11, 15], "texture": "#3"}
			}
		},
		{
			"name": "Flame",
			"from": [8, 10, 5.5],
			"to": [8, 17, 10.5],
			"shade": false,
			"rotation": {"angle": 0, "axis": "y", "origin": [8, 13, 8]},
			"faces": {
				"east": {"uv": [5, 8, 11, 15], "texture": "#3"},
				"west": {"uv": [5, 8, 11, 15], "texture": "#3"}
			}
		},
		{
			"name": "Grip",
			"from": [6.5, 5, 6.5],
			"to": [9.5, 6, 9.5],
			"shade": false,
			"faces": {
				"north": {"uv": [7, 10, 10, 11], "texture": "#0"},
				"east": {"uv": [7, 10, 10, 11], "texture": "#0"},
				"south": {"uv": [7, 10, 10, 11], "texture": "#0"},
				"west": {"uv": [7, 10, 10, 11], "texture": "#0"},
				"up": {"uv": [7, 10, 8, 11], "texture": "#0"},
				"down": {"uv": [7, 10, 10, 11], "texture": "#0"}
			}
		},
		{
			"name": "Tray",
			"from": [6, 7, 6],
			"to": [10, 8, 10],
			"shade": false,
			"faces": {
				"north": {"uv": [6, 8, 10, 9], "texture": "#0"},
				"east": {"uv": [6, 8, 10, 9], "texture": "#0"},
				"south": {"uv": [6, 8, 10, 9], "texture": "#0"},
				"west": {"uv": [6, 8, 10, 9], "texture": "#0"},
				"up": {"uv": [12, 12, 16, 16], "texture": "#0"},
				"down": {"uv": [12, 12, 16, 16], "texture": "#0"}
			}
		},
		{
			"name": "Bar",
			"from": [6, 8, 6],
			"to": [10, 11, 6],
			"shade": false,
			"faces": {
				"north": {"uv": [6, 5, 10, 8], "texture": "#0"},
				"south": {"uv": [6, 5, 10, 8], "texture": "#0"}
			}
		},
		{
			"name": "Bar",
			"from": [6, 8, 10],
			"to": [10, 11, 10],
			"shade": false,
			"faces": {
				"north": {"uv": [6, 5, 10, 8], "texture": "#0"},
				"south": {"uv": [6, 5, 10, 8], "texture": "#0"}
			}
		},
		{
			"name": "Bar",
			"from": [6, 8, 6],
			"to": [6, 11, 10],
			"shade": false,
			"faces": {
				"east": {"uv": [6, 5, 10, 8], "texture": "#0"},
				"west": {"uv": [6, 5, 10, 8], "texture": "#0"}
			}
		},
		{
			"name": "Bar",
			"from": [10, 8, 6],
			"to": [10, 11, 10],
			"shade": false,
			"faces": {
				"east": {"uv": [6, 5, 10, 8], "texture": "#0"},
				"west": {"uv": [6, 5, 10, 8], "texture": "#0"}
			}
		}
	]
}