{
	"format_version": "1.21.6",
	"credit": "Made with Blockbench",
	"textures": {
		"texture": "block/fence_dark_oak1",
		"top": "block/fence_dark_oak_top",
		"particle": "block/fence_dark_oak"
	},
	"elements": [
		{
			"from": [6, 2, 6],
			"to": [10, 5, 10],
			"rotation": {"angle": 0, "axis": "y", "origin": [0, 0, 6]},
			"faces": {
				"east": {"uv": [6, 13, 10, 16], "texture": "#texture"},
				"west": {"uv": [6, 13, 10, 16], "texture": "#texture"},
				"up": {"uv": [6, 6, 10, 10], "texture": "#top"},
				"down": {"uv": [10, 10, 6, 6], "texture": "#top"}
			}
		},
		{
			"from": [6, 13, 6],
			"to": [10, 16, 10],
			"rotation": {"angle": 0, "axis": "y", "origin": [0, 0, 6]},
			"faces": {
				"east": {"uv": [6, 0, 10, 3], "texture": "#texture"},
				"west": {"uv": [6, 0, 10, 3], "texture": "#texture"},
				"up": {"uv": [6, 6, 10, 10], "texture": "#top"},
				"down": {"uv": [10, 10, 6, 6], "texture": "#top"}
			}
		},
		{
			"name": "post",
			"from": [6.5, 5, 6],
			"to": [9.5, 13, 10],
			"faces": {
				"north": {"uv": [6, 3, 9, 11], "texture": "#texture"},
				"east": {"uv": [6, 3, 10, 11], "texture": "#texture"},
				"south": {"uv": [6, 3, 9, 11], "texture": "#texture"},
				"west": {"uv": [6, 3, 10, 11], "texture": "#texture"}
			}
		}
	]
}