{
	"format_version": "1.21.6",
	"credit": "Made with Blockbench",
	"textures": {
		"top": "block/fence_dark_oak_top",
		"particle": "block/fence_dark_oak"
	},
	"elements": [
		{
			"name": "cap",
			"from": [6.001, 16.001, 6.001],
			"to": [9.999, 17.999, 9.999],
			"rotation": {"angle": 0, "axis": "y", "origin": [0, 16, 0]},
			"faces": {
				"north": {"uv": [6, 14, 10, 16], "texture": "#particle"},
				"east": {"uv": [6, 14, 10, 16], "texture": "#particle"},
				"south": {"uv": [6, 14, 10, 16], "texture": "#particle"},
				"west": {"uv": [6, 14, 10, 16], "texture": "#particle"},
				"up": {"uv": [6, 6, 10, 10], "texture": "#top"}
			}
		},
		{
			"name": "post",
			"from": [6, 0, 6],
			"to": [10, 16, 10],
			"faces": {
				"north": {"uv": [6, 0, 10, 16], "texture": "#particle"},
				"east": {"uv": [6, 0, 10, 16], "texture": "#particle"},
				"south": {"uv": [6, 0, 10, 16], "texture": "#particle"},
				"west": {"uv": [6, 0, 10, 16], "texture": "#particle"},
				"up": {"uv": [6, 6, 10, 10], "texture": "#top"},
				"down": {"uv": [6, 6, 10, 10], "texture": "#top"}
			}
		}
	]
}